q1a,q1b,q1c,q1d,q1e,q2a,q2b,q2c,q2di,q2dii,q3a,q3b,q3ci,q3cii,q4ai,q4aii,q4b,q5ai,q5aii,q5bi,q5bii,q5biii,q6ai,q6aii,q6bi,q6bii,q6biii,q6biv,q6c,q7ai,q7aii,q7b,q8a,q8b,q8c
1,0,1,1,0,1,0,1,0,1,1,2,0,3,0,0,2,0,0,1,1,0,1,0,0,0,0,2,1,0,0,0,0,0,0
1,0,1,1,1,0,0,1,0,2,1,2,0,3,0,1,2,0,1,0,0,0,1,0,1,0,1,1,1,0,2,1,1,0,0
1,0,1,1,1,1,1,1,0,2,1,2,1,4,0,1,1,1,2,2,1,0,1,1,1,1,1,1,1,1,2,2,2,2,1
1,0,1,0,1,1,0,1,0,2,1,1,1,3,2,0,2,0,2,2,1,0,1,0,0,1,1,2,1,0,0,1,1,0,0
1,0,1,1,1,2,1,0,0,2,1,2,1,4,0,1,2,1,2,1,1,0,1,0,0,0,0,2,1,0,1,1,3,0,2
1,1,1,1,1,0,0,0,0,2,0,1,0,3,1,1,0,0,0,1,1,0,1,0,1,1,0,2,1,0,2,1,1,0,0
1,0,1,0,1,2,0,0,0,3,1,2,1,4,2,1,1,1,2,1,0,0,1,0,0,0,0,1,0,0,2,1,2,2,0
1,0,1,0,0,2,1,1,0,3,1,2,1,4,0,0,2,0,2,2,1,0,1,0,0,1,0,1,1,0,2,1,1,1,2
1,0,1,1,1,1,0,1,0,2,0,0,0,3,0,0,1,1,1,0,0,0,1,0,0,1,0,0,1,0,2,0,1,0,0
1,1,1,1,1,2,1,1,0,3,1,1,0,4,2,1,2,1,2,2,2,1,1,0,1,1,1,2,1,0,1,4,0,2,0
0,0,1,1,1,2,0,1,0,2,1,2,1,4,2,1,1,1,2,2,1,0,1,0,0,1,1,1,1,1,2,0,2,0,0
0,0,1,1,1,1,1,0,0,0,1,1,0,2,2,0,2,1,2,2,0,0,1,0,0,0,1,1,1,0,2,1,2,2,1
1,0,1,1,0,0,0,1,0,2,1,2,1,2,2,0,0,1,0,2,0,0,1,0,0,0,0,1,1,1,2,1,0,0,0
1,0,1,0,0,2,1,1,1,2,0,1,1,4,2,1,2,1,2,2,0,0,1,1,1,1,0,1,1,1,2,0,3,2,0
1,1,1,1,1,2,1,1,0,3,0,0,0,3,2,0,2,1,2,1,1,0,1,0,0,0,0,0,1,0,0,0,1,2,1
1,1,1,1,0,1,0,1,0,2,1,2,1,4,2,1,1,1,2,2,1,0,1,0,1,0,1,1,1,1,2,0,2,2,2
0,0,0,0,0,0,1,1,0,0,0,0,1,3,1,0,0,1,2,2,0,0,1,0,0,1,1,0,0,0,0,0,1,0,0
1,1,1,1,1,0,0,1,0,1,0,2,1,2,0,0,0,0,2,1,1,0,1,0,0,1,0,0,1,0,0,1,0,1,0
0,0,1,1,0,1,0,0,0,1,0,0,0,3,0,0,1,0,2,2,0,0,1,0,0,0,1,0,1,0,0,1,0,0,0
1,0,1,0,0,1,1,1,0,3,0,1,1,4,2,1,2,1,2,2,2,0,1,1,1,1,1,2,1,1,1,4,3,2,3
1,0,1,0,0,0,0,1,0,3,1,2,1,4,2,1,1,0,1,2,1,0,1,1,0,1,1,1,0,1,2,4,1,1,2
1,0,1,0,1,2,1,1,0,3,1,2,1,4,2,1,2,0,2,1,1,0,1,1,1,1,1,2,1,0,2,0,3,2,2
0,0,1,0,0,1,0,0,0,1,1,1,0,4,0,1,1,0,2,1,0,0,1,0,1,1,0,1,0,0,2,0,1,0,0
1,0,1,1,0,2,0,1,0,0,0,2,1,3,2,1,2,0,1,1,1,0,1,0,0,1,1,0,0,0,0,0,1,0,0
1,0,1,1,1,1,0,1,0,3,1,2,1,4,1,1,2,0,2,1,0,0,1,0,1,1,1,0,1,0,2,2,2,0,2
1,0,1,0,0,0,1,1,0,3,1,2,1,3,0,0,1,0,0,1,1,0,1,1,0,0,0,2,1,0,0,1,2,2,1
1,1,0,0,0,1,1,1,0,0,0,2,1,3,0,0,2,1,1,1,1,0,1,0,1,1,0,2,1,0,2,2,2,0,2
1,1,1,1,1,1,0,0,0,1,1,1,1,4,0,1,2,1,2,1,1,0,1,0,1,1,1,1,1,0,2,1,2,2,0
1,1,1,1,1,0,0,1,0,3,1,2,0,4,2,1,2,0,1,2,1,0,1,1,0,0,1,0,0,1,0,0,2,0,0
0,0,1,1,0,1,1,1,0,2,1,2,0,3,0,1,1,1,1,2,0,0,1,0,1,0,1,1,0,0,2,2,0,0,0
1,0,1,0,0,0,1,1,0,2,0,0,0,4,0,1,1,0,1,0,0,0,1,0,0,0,0,0,1,1,2,0,1,0,0
0,1,1,1,0,0,1,0,0,0,0,0,0,3,2,1,2,1,2,1,0,0,1,0,0,0,0,0,1,0,2,0,1,2,1
0,0,1,0,0,0,1,1,0,3,1,2,1,4,2,1,2,0,1,1,1,0,1,0,0,0,1,2,1,0,2,0,2,2,1
1,0,1,1,1,2,0,1,0,2,1,0,1,4,0,1,2,1,2,2,1,0,1,1,0,1,1,0,1,0,2,3,0,2,1
1,0,1,1,0,1,0,1,0,3,1,2,1,4,0,1,2,0,2,2,1,0,1,1,0,0,0,1,1,0,0,0,1,2,2
1,0,1,1,1,2,1,1,0,2,1,1,1,4,0,1,1,1,2,2,1,0,1,0,1,1,0,0,0,0,2,2,1,2,1
0,1,1,1,0,1,0,1,0,0,0,1,0,1,0,0,1,1,1,1,0,0,1,0,0,1,0,0,1,0,0,1,1,2,2
1,1,1,1,0,1,1,1,0,2,1,2,1,3,2,1,2,1,2,1,2,0,1,0,0,0,0,2,1,1,2,4,2,2,2
0,0,1,1,1,2,0,1,0,1,0,2,1,4,0,0,0,0,0,0,0,0,1,0,0,0,1,0,0,0,2,1,0,2,0
1,0,1,1,1,1,0,0,0,3,1,2,0,4,0,1,2,1,2,1,0,0,1,0,0,0,1,2,1,0,2,0,3,0,2
1,0,1,1,1,1,0,0,0,3,0,2,0,4,2,1,1,1,2,2,1,0,1,0,0,0,0,1,1,0,1,1,2,0,1
1,1,1,1,1,2,1,1,0,3,1,1,0,3,2,1,1,1,2,2,0,0,1,0,1,1,1,0,0,0,0,4,2,0,1
0,0,1,1,1,0,0,0,0,3,1,1,0,4,0,0,1,1,2,2,0,0,1,0,0,1,1,0,1,0,2,1,1,0,0
1,1,1,1,0,0,0,1,0,2,0,1,1,4,2,1,2,0,0,0,1,0,1,1,0,0,0,0,0,0,2,1,0,2,0
1,0,1,0,0,2,0,0,0,2,1,1,1,3,2,1,1,1,1,1,0,0,1,0,0,0,0,0,1,0,2,0,1,0,1
1,0,1,0,1,0,0,0,0,3,0,1,1,3,0,0,2,0,0,2,2,0,1,0,0,1,0,0,1,0,2,4,0,2,0
1,1,1,1,1,2,0,1,0,3,0,0,1,4,2,1,2,0,1,1,1,0,1,1,1,1,1,1,1,0,2,3,2,0,2
0,0,1,0,0,2,1,1,0,2,0,0,1,4,2,1,2,0,1,2,1,0,1,1,1,1,1,1,1,1,2,2,2,2,3
1,0,1,0,1,1,1,1,1,3,1,1,1,4,0,1,2,1,2,1,0,0,1,1,1,1,1,1,1,0,2,1,2,2,0
1,0,1,0,0,0,1,1,0,3,1,1,1,4,2,1,2,0,1,2,1,1,1,1,1,1,1,2,1,0,2,1,2,0,1
1,0,1,0,0,2,0,1,0,2,0,2,1,4,2,1,2,1,1,2,1,0,1,0,0,0,0,2,1,0,0,0,0,2,0
1,1,1,1,1,0,0,1,0,2,0,2,0,4,2,1,2,1,2,2,1,0,1,0,0,1,0,2,0,0,1,0,2,0,1
1,0,1,0,1,0,0,1,0,2,0,1,1,4,2,1,1,1,2,1,0,0,1,0,1,1,1,2,0,0,2,0,1,2,2
1,0,1,1,1,2,1,1,0,2,0,1,1,3,0,1,2,1,2,2,1,0,1,0,0,0,1,1,0,0,2,1,2,0,1
1,0,1,0,0,1,1,1,0,3,0,2,1,3,0,1,1,1,2,2,1,0,1,1,0,0,1,2,0,0,2,1,1,1,1
1,1,1,0,0,1,0,1,0,2,1,2,1,4,2,1,0,1,2,2,1,0,1,0,1,0,1,2,1,0,2,3,2,2,1
1,0,1,1,1,1,1,1,0,2,0,1,0,3,2,1,2,0,1,2,0,0,1,0,0,1,0,0,1,0,1,1,0,2,0
1,1,1,1,1,2,0,1,0,3,0,1,1,4,2,1,1,1,2,1,1,0,1,0,1,0,1,1,1,0,2,4,2,2,0
1,0,1,0,1,2,0,1,0,3,1,1,1,4,0,0,2,1,2,1,2,0,1,1,1,1,0,2,0,0,1,2,2,2,2
0,0,1,1,1,0,0,1,0,2,0,1,0,3,0,0,0,0,1,1,0,0,1,0,0,0,0,0,1,0,0,0,0,0,0
1,0,1,1,1,1,0,1,0,2,1,2,1,4,2,1,1,0,2,1,1,0,1,0,0,1,1,2,1,1,2,0,2,2,1
1,0,1,0,1,0,0,1,0,2,1,2,0,4,2,1,1,1,2,2,1,0,1,0,1,1,0,0,1,0,2,0,2,0,0
1,0,1,1,1,1,1,0,0,3,1,2,0,3,2,1,1,0,2,0,0,0,1,0,0,1,0,2,1,0,1,2,1,0,0
1,1,1,0,0,2,0,1,0,3,0,0,1,4,2,1,2,1,1,2,1,0,1,0,0,1,1,0,1,0,2,1,2,2,1
1,1,1,0,0,1,1,1,0,3,1,2,1,3,2,1,2,1,2,2,1,0,1,0,1,0,1,0,1,0,2,0,2,2,1
1,1,1,1,1,1,0,0,0,3,1,2,1,4,2,1,2,1,2,2,0,0,1,0,0,0,1,1,1,0,2,1,0,2,1
0,0,1,0,0,2,0,1,0,1,1,1,1,4,0,0,2,0,2,2,0,0,0,0,0,0,0,0,1,0,0,0,2,0,0
1,0,1,0,0,1,0,1,0,3,0,2,1,4,0,0,2,0,1,2,1,0,1,1,1,1,1,2,1,0,2,3,3,0,3
1,0,1,1,1,0,0,1,0,0,1,2,1,3,2,1,2,0,1,1,0,0,1,0,0,0,0,2,1,0,2,2,0,0,0
1,0,1,0,0,0,0,1,0,0,1,2,1,4,0,0,1,0,1,0,1,0,1,0,1,1,1,0,1,0,0,2,2,0,2
1,1,1,0,0,0,0,1,0,0,0,1,0,3,2,0,0,0,1,1,0,0,1,0,0,0,1,0,0,0,0,1,0,1,0
1,1,1,1,0,2,1,1,1,2,1,2,0,4,1,0,1,1,0,1,1,0,1,0,0,0,0,0,1,0,2,2,2,0,0
1,0,1,1,1,2,1,1,0,3,1,2,1,4,0,1,2,0,0,0,2,1,1,1,1,0,1,1,0,1,1,4,2,2,2
1,1,1,0,0,0,0,1,0,2,1,1,0,4,0,0,1,1,2,1,0,0,1,0,0,1,0,2,1,0,2,1,2,1,0
1,1,1,1,1,1,0,1,1,2,0,0,0,4,2,1,2,0,2,2,1,0,1,0,0,1,0,2,1,0,2,1,3,2,2
1,0,1,1,0,0,0,0,0,0,0,1,0,3,0,0,1,0,1,1,0,0,0,0,0,0,0,0,0,0,0,0,0,0,0
0,0,1,0,1,0,0,0,0,2,1,2,1,4,2,1,0,0,2,0,0,0,1,0,1,0,1,2,1,0,2,0,1,0,1
1,0,1,1,1,1,1,1,0,1,1,0,0,4,0,0,0,1,2,1,0,0,1,0,0,0,1,1,1,1,2,3,0,2,0
1,1,1,1,0,1,1,1,1,3,0,0,1,4,2,1,2,0,1,2,1,0,1,1,0,1,0,1,0,1,2,5,2,2,0
1,0,1,0,0,0,0,1,0,3,1,0,1,4,2,0,2,0,0,2,1,0,1,1,0,1,0,1,1,0,1,1,1,0,0
1,1,1,1,1,1,1,0,0,3,0,2,1,4,0,0,0,1,2,2,1,0,1,0,1,1,0,0,1,0,2,2,3,1,1
0,0,1,0,0,2,1,1,0,3,1,1,1,3,2,1,2,1,2,1,0,0,1,1,1,1,1,1,1,0,2,3,3,0,1
1,0,1,0,0,2,0,1,0,2,1,2,1,4,0,1,2,1,2,2,1,0,1,0,0,1,1,1,1,0,1,1,3,1,2
1,0,1,1,1,2,1,1,0,3,0,2,1,4,0,0,2,0,1,1,1,0,1,0,0,0,0,2,1,1,2,1,1,1,1
1,0,1,0,1,2,1,1,0,3,1,2,1,4,2,0,2,1,2,2,2,0,1,0,1,1,1,2,1,0,2,3,1,2,0
1,0,1,0,0,2,0,0,0,3,1,1,0,4,0,0,1,0,2,1,0,0,1,0,0,0,0,2,1,0,0,0,2,0,0
1,0,1,1,1,2,1,1,1,3,1,2,1,4,0,0,0,0,1,0,0,0,1,1,1,0,1,0,0,0,0,3,2,2,1
1,0,1,0,0,0,0,1,0,3,1,2,1,4,1,1,2,1,2,0,1,1,1,1,0,1,0,1,1,1,2,4,2,2,1
1,1,1,1,1,0,0,1,1,2,1,2,1,4,0,0,2,0,0,0,2,2,1,0,1,0,0,1,1,1,2,4,2,2,2
1,1,1,1,1,2,0,1,0,2,1,1,0,4,2,0,1,1,2,2,1,1,1,0,1,1,0,0,1,0,2,1,0,0,0
0,0,1,1,0,1,0,1,0,0,1,2,1,4,2,1,2,1,2,2,0,0,1,0,0,1,0,0,1,0,1,3,2,1,0
1,1,1,1,0,2,0,1,0,1,1,2,1,4,2,1,2,1,1,2,1,0,1,0,1,1,0,2,1,0,2,0,3,0,1
0,0,0,0,0,2,1,1,0,2,1,1,1,4,2,0,2,0,1,2,1,0,1,0,1,1,1,2,1,0,2,0,1,2,0
1,0,1,0,0,2,1,1,0,3,1,2,1,4,2,1,2,0,2,2,1,0,1,0,1,1,1,0,1,1,2,2,3,0,2
1,0,1,1,1,1,1,1,0,3,1,2,0,4,0,0,1,0,2,1,1,0,1,1,1,1,1,0,1,0,0,1,2,2,1
1,0,1,0,0,2,1,1,0,3,0,1,1,4,2,0,2,1,2,1,1,0,1,1,1,0,1,2,1,0,2,2,2,2,2
1,0,1,0,1,1,0,0,0,2,0,2,1,4,0,1,0,0,2,1,1,0,1,0,1,1,0,1,1,0,2,0,0,2,0
1,0,1,0,0,0,0,1,0,1,1,2,1,4,0,1,1,0,2,1,1,0,0,0,0,0,0,0,0,0,0,1,2,0,0
1,0,0,0,1,0,0,1,0,0,1,0,0,4,0,0,0,0,0,1,0,0,1,0,0,0,0,0,0,0,0,0,0,0,0
1,0,0,0,0,0,0,1,0,2,1,1,1,4,0,0,2,1,2,1,1,0,1,0,0,0,0,0,1,1,1,1,0,2,0
1,1,1,0,1,1,0,1,0,3,1,1,1,4,1,1,2,0,1,1,0,0,1,1,0,0,1,0,0,0,0,0,2,0,1
1,0,1,1,1,0,0,1,0,2,0,2,1,4,0,0,1,1,2,1,0,0,1,0,1,0,1,1,1,0,2,5,2,2,1
0,0,1,1,1,2,1,1,0,3,1,2,1,4,2,1,2,1,2,2,1,0,1,0,0,1,1,2,1,1,0,1,2,0,3
0,0,1,1,0,0,0,1,0,0,1,1,0,3,2,1,2,0,1,1,0,0,1,0,0,1,0,0,0,0,0,0,0,0,0
0,0,1,1,1,2,1,1,0,2,0,0,1,4,2,0,1,1,2,0,0,0,1,0,0,0,1,2,1,0,2,1,1,0,0
1,0,1,1,1,2,0,0,0,3,0,0,1,4,2,1,1,0,1,2,2,0,1,0,0,1,0,2,1,1,2,0,2,2,0
1,1,1,1,0,2,1,1,0,3,1,1,1,4,0,1,1,0,2,0,2,0,1,1,1,0,1,0,0,0,2,2,0,2,3
1,0,1,1,1,1,1,0,1,2,0,2,1,4,2,1,2,1,2,1,1,0,1,1,1,0,0,1,1,0,2,4,3,1,2
1,1,1,1,1,1,1,1,0,2,1,2,1,4,2,1,2,1,2,2,0,0,1,0,0,0,0,0,1,0,2,0,2,2,0
0,0,1,1,0,2,1,1,0,2,1,2,0,4,0,1,0,0,2,0,1,0,1,1,1,1,1,2,0,0,2,4,0,0,0
1,0,1,1,0,0,1,1,0,3,1,1,1,4,0,0,2,0,1,1,0,0,1,0,1,0,0,1,1,0,0,1,0,0,1
1,0,1,1,1,0,0,1,1,0,1,2,0,4,0,0,2,0,2,0,1,0,1,0,0,0,0,0,1,0,0,0,2,2,2
1,0,1,1,1,0,0,0,0,2,0,1,1,4,0,0,2,0,1,1,0,0,1,0,0,1,0,0,0,0,1,0,1,0,1
0,0,0,0,0,0,0,0,0,0,0,1,0,2,0,0,2,0,0,1,0,0,1,0,0,0,0,0,1,0,2,0,0,0,0
0,0,1,1,0,0,0,0,0,2,0,1,0,2,2,0,1,0,1,0,0,0,1,0,0,0,1,0,1,0,0,0,0,0,0
1,1,0,1,0,1,1,0,1,2,1,2,0,4,0,0,2,0,0,2,0,0,1,0,0,0,0,0,1,0,0,0,0,0,0
1,0,1,1,1,0,1,1,0,3,0,2,1,4,2,1,1,1,2,2,2,0,1,0,1,1,1,2,1,0,2,1,2,2,2
1,0,1,1,1,0,0,1,0,2,1,2,1,4,2,1,2,1,2,2,1,0,1,0,0,1,0,0,1,1,2,2,1,2,0
1,0,1,1,1,0,0,0,0,2,0,2,1,3,1,1,0,0,0,1,1,0,1,0,0,0,0,2,1,0,0,0,2,0,0
1,0,1,0,0,1,0,1,0,3,0,1,1,3,2,1,2,1,2,2,0,0,1,0,1,0,1,0,1,0,2,0,1,2,1
1,1,1,1,1,0,0,1,0,3,0,2,1,4,2,1,2,1,2,1,1,0,1,0,0,0,1,1,1,1,2,5,1,2,1
1,0,1,1,1,2,1,1,0,3,1,2,1,4,2,1,2,1,2,2,1,0,1,1,1,1,1,2,1,0,2,2,3,2,1
1,1,1,0,0,0,0,1,0,3,1,1,1,4,0,1,0,1,2,1,0,0,1,0,0,0,0,1,0,0,2,2,1,0,0
1,0,1,1,1,0,0,0,0,3,0,2,1,4,0,1,1,1,2,1,1,1,1,0,0,0,0,1,1,0,0,2,1,1,0
1,0,1,0,1,0,0,0,0,3,1,2,0,4,2,1,2,1,2,1,0,0,1,0,0,0,1,2,1,0,2,1,2,0,0
1,0,1,1,1,2,1,0,0,3,1,2,1,4,2,1,2,1,2,2,1,0,1,0,1,0,1,1,1,1,2,4,3,0,1
1,1,1,1,1,1,1,1,0,3,1,1,1,4,2,1,2,1,2,1,2,0,1,1,1,1,1,1,1,0,2,5,1,1,2
1,0,0,1,1,0,1,1,0,0,0,0,0,2,0,0,0,0,0,0,0,0,0,0,0,0,0,0,0,0,0,0,0,0,0
1,1,1,1,0,0,0,1,0,2,0,2,1,4,2,1,2,1,2,1,1,0,1,0,1,0,0,1,1,1,0,0,2,0,2
1,0,1,0,0,0,1,1,0,2,1,0,1,1,0,1,1,0,2,0,0,0,1,0,0,0,0,0,1,0,1,1,0,0,0
1,0,1,1,1,1,1,0,0,2,1,2,0,3,2,0,2,0,1,1,1,0,1,0,1,1,1,2,1,0,0,0,0,0,1
0,1,0,1,1,0,0,1,0,2,1,1,1,3,1,1,2,0,2,1,0,0,1,0,1,1,1,1,1,0,2,1,1,2,0
1,1,1,1,1,2,1,1,0,2,1,2,1,4,2,1,2,0,2,1,1,0,1,1,1,1,1,2,1,1,2,5,2,2,3
1,1,1,1,0,0,0,1,0,2,1,2,0,2,0,0,2,0,2,1,0,0,1,0,1,0,1,0,1,0,2,0,0,0,0
1,0,1,1,1,0,0,0,0,2,0,1,0,3,2,1,2,1,2,1,0,0,1,0,0,0,0,0,1,0,1,0,0,0,0
1,0,1,1,1,0,1,1,0,2,1,2,1,4,1,0,2,1,2,1,1,0,1,0,0,0,1,2,1,0,0,2,2,2,2
0,0,1,0,0,0,1,0,0,1,1,2,0,3,2,1,2,0,1,2,0,0,1,0,1,1,0,0,1,0,2,0,0,2,0
1,0,1,1,1,1,1,0,0,2,1,1,0,4,0,0,0,0,1,1,1,0,1,0,1,0,1,0,1,0,0,1,1,0,1
1,0,1,1,0,1,1,1,0,3,1,2,1,4,2,1,2,1,2,2,1,0,1,0,0,1,0,2,0,1,2,2,2,2,1
1,0,1,1,1,1,0,1,0,0,0,2,1,4,0,0,2,0,2,1,1,0,1,0,1,1,1,2,1,0,2,1,0,2,0
1,0,1,0,1,2,0,1,0,3,0,0,1,4,2,1,2,1,2,1,2,0,1,1,1,1,1,2,1,1,2,2,3,2,3
1,0,1,1,1,0,0,1,0,1,1,1,1,4,2,1,0,0,2,2,2,0,1,0,1,1,1,2,1,0,2,3,0,1,0
0,0,1,0,0,0,0,1,0,2,1,1,0,3,2,1,1,0,2,1,1,0,1,0,0,1,0,0,0,0,0,0,2,1,0
0,0,1,0,0,2,0,1,0,3,1,2,0,3,2,1,2,0,2,2,1,0,1,1,0,0,1,2,1,0,0,0,1,2,1
0,0,1,1,1,0,0,1,0,2,0,2,1,4,0,0,1,1,2,2,1,0,1,0,0,0,1,0,1,0,0,1,0,0,0
0,0,1,0,1,1,1,1,0,2,1,2,1,4,2,1,1,0,2,2,1,0,1,0,0,1,1,2,1,0,1,2,3,2,1
1,1,1,1,0,0,0,1,0,2,1,2,1,4,2,1,2,1,2,0,0,0,1,1,1,1,1,0,1,0,0,1,2,0,0
1,0,1,0,0,2,1,1,0,2,1,0,1,4,2,1,1,1,2,1,2,0,1,1,1,1,0,1,1,1,2,1,3,2,3
1,1,1,0,0,1,0,1,0,3,1,1,1,4,1,0,1,0,2,1,0,0,1,0,1,0,0,2,1,1,2,3,1,2,0
1,1,1,1,1,2,1,1,0,3,1,2,0,4,1,1,1,1,2,1,1,0,1,0,0,1,1,1,1,0,2,0,2,1,0
1,0,1,1,1,2,0,0,0,2,1,2,1,4,2,1,2,1,2,1,2,1,1,0,1,0,0,0,1,0,0,1,1,0,0
0,0,1,0,0,1,1,1,0,2,1,1,0,4,2,1,2,0,1,2,1,0,1,1,1,0,0,0,1,0,0,1,2,1,0
1,0,1,1,0,1,1,1,0,2,0,1,1,4,2,1,2,0,1,1,1,0,1,0,0,1,0,0,1,0,2,1,2,1,2
1,0,1,1,0,1,1,1,0,3,1,1,1,4,2,0,2,1,2,2,1,0,1,0,0,1,1,1,1,1,2,3,1,2,0
1,0,1,1,1,2,1,1,0,3,1,2,1,4,2,1,2,1,2,2,1,0,1,0,1,1,1,2,1,0,2,2,3,2,2
1,0,1,1,1,0,0,1,0,2,0,1,1,4,2,1,2,1,1,0,1,0,1,0,1,1,0,0,1,0,0,2,2,2,2
1,1,1,1,1,1,1,1,0,2,1,2,1,4,2,1,1,1,2,2,0,0,1,0,0,0,1,2,1,0,2,3,2,2,2
1,0,1,1,1,2,1,1,0,3,1,2,1,4,2,1,1,1,2,1,1,0,1,1,1,1,0,2,1,0,2,1,2,1,1
1,1,1,1,1,2,1,1,0,3,0,1,1,4,2,1,1,1,2,1,1,1,1,1,0,1,1,1,1,0,2,2,1,2,1
1,0,1,1,0,2,0,1,0,1,1,2,0,3,2,1,2,1,1,2,1,0,1,0,1,1,1,2,1,1,2,2,1,0,1
1,0,1,0,0,1,1,1,0,2,1,1,1,3,2,1,2,0,0,1,0,0,1,0,1,0,1,1,1,0,2,2,2,1,3
1,0,1,1,1,1,1,1,0,3,0,2,1,4,2,1,2,1,2,1,1,0,1,0,1,1,0,2,1,1,2,2,1,1,1
1,0,1,1,1,1,0,1,0,3,1,2,1,4,1,1,2,1,2,2,1,0,1,1,1,0,1,1,1,0,2,1,1,2,2
1,0,1,1,0,2,1,1,1,3,1,1,1,4,0,1,2,1,2,2,2,2,1,1,1,1,1,0,1,0,2,3,1,2,2
1,1,1,1,0,0,1,1,0,1,1,2,1,4,0,0,2,0,1,1,1,0,1,0,0,0,0,0,1,0,0,2,0,2,0
1,0,1,0,0,1,0,0,0,2,1,2,0,3,2,1,2,0,1,0,0,0,1,0,0,0,0,0,1,0,2,0,2,0,0
0,0,0,0,0,0,1,0,0,2,0,1,1,4,2,1,2,0,1,0,1,0,0,0,0,0,0,0,1,0,0,0,2,0,0
1,0,1,1,0,2,1,1,0,3,1,2,1,4,2,1,2,1,2,2,1,0,1,1,0,0,1,1,1,0,2,4,3,2,3
1,1,1,1,0,1,0,1,0,3,1,2,1,2,0,1,2,0,2,1,1,0,1,0,1,1,0,0,1,0,1,1,2,1,0
1,0,1,0,1,0,1,1,0,2,1,2,1,4,2,1,2,0,1,2,0,0,1,0,1,1,0,2,1,0,2,2,2,0,0
1,0,1,1,1,0,0,0,0,3,0,0,1,4,2,1,2,1,2,2,0,0,1,0,1,1,0,2,1,1,2,3,3,2,0
1,0,1,1,1,1,0,0,0,3,1,1,0,3,0,0,0,1,2,1,0,0,1,0,0,0,0,1,1,0,0,1,0,0,0
1,1,1,1,0,0,1,1,0,2,0,2,0,3,0,0,1,0,0,1,1,0,1,0,0,1,1,0,1,0,1,0,0,1,0
0,0,1,0,0,0,0,1,0,2,1,1,1,3,1,0,2,1,2,1,0,0,1,0,0,0,0,0,1,0,2,1,2,0,0
1,0,1,0,0,1,1,1,0,3,0,0,1,4,0,1,1,0,2,1,1,0,1,1,1,0,1,1,0,1,2,3,2,2,1
0,0,1,0,1,1,1,1,0,3,0,2,1,4,2,1,2,0,2,2,1,0,1,0,0,0,0,1,0,0,1,1,0,2,0
0,0,1,0,0,2,1,0,0,3,1,2,0,4,2,1,0,1,0,1,0,0,1,0,0,1,0,2,1,0,2,2,0,0,0
1,1,1,1,1,0,0,1,0,3,0,0,1,4,2,1,0,0,2,0,2,1,1,0,0,1,1,2,1,1,2,0,1,2,1
1,1,1,1,1,0,0,0,0,2,1,1,0,4,2,0,2,0,2,0,0,0,1,0,0,0,0,1,1,0,0,0,1,1,0
1,0,1,1,1,1,1,1,0,3,1,2,1,4,2,1,1,1,2,2,2,1,1,0,1,0,0,0,1,0,2,5,3,0,3
1,0,1,0,1,1,0,0,0,2,1,1,1,4,2,0,2,0,2,1,1,0,1,0,0,0,0,0,1,0,2,1,2,2,2
1,1,1,1,0,2,0,1,0,3,1,2,1,4,0,0,2,0,1,2,1,0,1,0,1,1,0,0,1,0,0,1,2,1,1
1,0,1,0,0,1,1,1,0,2,0,2,1,4,2,1,2,0,2,2,0,0,1,1,1,1,0,2,0,0,2,2,2,1,2
1,1,1,1,1,1,1,1,0,3,0,0,1,4,2,1,2,0,2,2,2,0,1,1,0,1,1,2,1,0,2,2,2,2,2
1,0,1,1,1,0,0,1,0,1,1,2,1,4,1,1,2,1,2,2,0,0,1,1,0,1,0,2,1,1,2,1,3,2,0
0,0,1,1,0,0,0,0,0,0,0,2,1,1,0,0,0,0,0,0,1,0,0,0,0,0,0,0,0,0,0,1,0,0,0
1,1,1,1,1,1,0,1,0,3,0,2,1,4,2,1,1,0,2,1,2,0,1,0,1,1,1,0,1,0,2,2,2,2,2
1,0,1,0,0,0,1,0,0,0,1,2,0,3,2,1,1,1,1,1,1,0,1,0,0,0,0,1,1,0,2,2,2,0,0
1,1,1,1,1,1,1,1,0,2,1,2,1,4,2,1,2,0,1,2,0,0,1,0,0,1,0,2,1,0,1,2,2,0,3
1,0,1,1,1,2,1,1,0,2,1,2,1,4,2,1,0,0,2,1,1,1,1,0,0,0,0,1,1,0,2,1,2,1,2
1,0,1,1,0,0,0,0,0,2,1,1,0,2,0,0,1,0,2,0,1,0,1,0,0,0,0,1,0,0,0,0,1,0,0
1,1,1,1,1,0,0,1,0,2,1,1,0,3,2,1,1,1,2,0,0,0,1,0,0,1,0,2,1,0,0,1,0,0,0
1,0,1,1,1,0,0,1,0,3,1,1,1,4,2,1,1,1,2,0,1,0,1,1,0,1,0,0,1,1,2,0,2,2,2
1,0,1,1,1,0,0,0,0,0,1,0,0,4,2,0,1,0,2,1,0,0,1,0,0,0,0,1,1,0,0,0,3,0,0
1,1,1,1,1,2,1,1,0,3,1,2,1,4,2,1,2,1,2,1,2,0,1,1,1,0,1,2,1,1,2,4,1,2,2
1,0,1,1,1,2,1,1,0,3,1,2,1,4,2,1,2,1,2,2,1,0,1,1,1,1,1,2,1,0,2,3,1,0,2
1,0,1,0,0,0,0,1,0,3,1,2,1,4,1,0,2,1,2,2,1,0,1,0,0,0,0,2,1,1,2,1,1,2,0
1,0,1,1,0,0,0,0,0,1,1,2,0,4,0,1,0,0,1,1,0,0,1,0,0,0,0,1,1,0,0,0,1,0,0
1,0,1,0,0,1,0,1,0,3,1,1,1,4,2,1,2,0,1,1,2,0,1,0,1,1,1,2,1,1,1,1,2,2,2
1,1,1,1,1,2,0,1,0,2,1,2,1,4,2,1,2,1,2,2,1,0,1,0,1,1,1,1,1,1,2,2,2,2,1
1,0,1,0,1,0,0,0,0,3,1,1,0,3,0,1,1,0,2,1,1,0,1,0,0,0,0,2,0,0,2,0,0,0,0
1,1,1,1,1,1,1,1,1,3,1,2,1,4,2,1,2,1,2,2,2,0,1,1,1,0,1,2,1,0,2,1,1,2,3
1,0,1,0,0,2,1,1,0,3,0,1,1,4,2,1,2,0,2,2,1,2,1,1,0,1,1,1,1,0,0,0,1,2,2
1,0,1,1,1,2,1,1,0,3,0,2,0,4,2,1,2,1,2,1,1,0,1,0,1,1,1,1,0,0,2,2,2,2,2
1,0,1,0,0,1,0,1,0,3,1,2,1,4,2,1,2,0,1,1,1,0,1,1,0,0,1,0,1,0,0,0,0,2,2
1,0,1,1,0,2,0,1,0,3,1,2,1,4,2,0,2,1,2,1,1,1,1,1,1,1,1,0,1,0,2,1,0,1,1
1,1,1,1,0,0,0,1,0,2,1,2,1,4,2,0,2,0,1,1,1,0,1,0,1,1,1,0,1,0,2,0,1,2,2
1,0,1,1,1,2,1,1,0,3,0,2,1,4,2,1,1,1,2,2,1,0,1,1,1,1,1,2,1,0,0,0,2,2,2
1,0,1,0,0,2,0,1,0,3,1,2,1,3,0,1,1,0,1,1,1,0,1,0,1,1,1,1,1,0,2,0,1,2,1
1,0,1,1,0,0,0,1,0,0,0,2,0,4,0,0,0,1,0,1,0,0,1,0,0,0,0,1,1,0,2,1,0,1,0
1,0,1,1,0,1,0,0,0,3,1,2,1,4,2,1,2,0,2,0,0,0,1,0,0,0,0,1,1,1,2,1,1,1,1
1,0,1,0,0,0,0,1,0,2,1,2,0,3,2,1,0,0,1,0,1,0,1,0,1,0,1,0,1,0,0,0,1,2,0
1,0,1,0,0,0,0,1,0,3,1,1,0,4,2,0,2,0,2,0,0,0,1,0,0,0,0,0,1,0,0,0,0,0,0
1,1,1,1,1,0,0,0,0,2,1,2,1,4,2,1,2,1,2,1,2,0,1,0,0,0,1,2,1,0,1,0,2,1,1
1,0,1,0,0,0,1,0,0,2,1,0,0,0,0,0,1,0,0,0,0,0,0,0,0,0,0,0,0,0,0,0,0,0,0
0,0,0,0,0,0,0,0,0,0,1,0,0,0,0,0,1,0,0,0,0,0,0,0,0,0,0,0,0,0,0,0,0,0,0
1,0,1,1,1,2,1,1,0,3,1,2,1,4,2,1,0,0,0,1,2,0,1,0,1,1,1,0,0,0,2,1,2,2,2
1,0,1,0,1,0,0,1,0,2,1,2,1,4,2,0,2,0,2,0,1,0,1,0,1,0,0,0,0,0,0,1,2,2,2
1,0,1,1,1,2,1,1,0,3,1,0,1,4,0,1,0,1,2,1,2,0,1,1,1,1,1,0,1,0,0,0,3,0,1
1,1,1,1,0,0,1,1,0,3,0,2,1,4,2,1,1,1,2,2,1,0,1,1,1,1,1,2,1,1,2,3,3,2,2
1,1,1,1,1,0,0,0,0,0,0,1,1,4,1,0,2,1,0,1,1,0,1,0,0,0,0,0,1,0,2,1,0,2,0
1,0,1,1,1,1,1,0,0,3,1,2,0,4,2,0,2,1,1,0,0,1,1,0,0,1,0,0,0,0,2,2,3,2,0
1,0,1,0,0,0,0,0,0,2,0,1,0,2,0,0,1,0,1,1,0,0,1,0,1,0,0,0,1,0,0,0,2,0,0
0,0,1,0,1,1,0,1,0,2,1,0,1,4,0,1,2,1,1,1,1,0,1,0,0,0,1,2,1,0,2,3,0,2,0
0,0,1,1,1,0,1,1,0,3,0,2,0,4,2,0,2,0,2,2,0,0,1,0,0,1,0,2,1,0,2,2,2,2,3
1,0,1,1,1,2,1,1,0,3,1,2,1,4,0,1,2,0,0,1,1,0,1,0,1,1,0,1,1,0,2,0,2,2,1
1,0,1,1,1,0,0,0,0,0,1,2,1,4,2,1,2,1,2,1,1,0,1,0,0,0,0,1,1,0,0,0,1,0,0
1,0,1,0,0,1,1,0,0,1,1,2,0,2,0,0,1,0,0,0,0,0,0,0,0,0,0,0,1,0,0,0,0,0,0
1,1,1,1,1,0,1,1,0,3,1,2,0,4,2,1,2,1,1,1,0,1,1,0,1,1,0,2,1,0,0,0,3,2,1
1,0,1,1,1,0,0,1,0,3,1,1,0,4,2,0,2,0,2,1,1,0,1,0,1,1,1,1,1,0,2,1,3,1,1
0,0,1,1,0,0,0,0,0,1,1,1,0,2,0,0,2,0,1,1,0,0,1,0,0,0,0,0,1,0,0,0,0,0,1
1,0,1,1,1,0,0,0,0,3,1,1,1,4,2,1,2,1,2,2,1,0,1,0,1,1,0,0,1,0,0,0,0,2,1
0,0,0,1,0,0,0,0,0,0,0,0,0,0,0,0,0,0,1,1,0,0,0,0,0,0,0,0,0,0,0,0,0,0,0
1,0,1,1,1,0,0,0,0,1,1,2,1,2,0,0,2,1,0,0,0,0,1,0,0,1,0,0,1,0,2,0,0,2,1
1,0,0,0,0,1,0,1,0,2,1,2,1,3,2,1,2,0,1,1,1,0,1,0,0,0,1,2,1,0,0,1,2,0,1
1,0,1,1,1,0,0,1,0,2,0,2,1,4,0,1,2,0,1,1,1,0,1,1,1,0,1,1,1,0,2,5,0,2,3
0,0,0,0,0,0,0,0,0,1,0,0,0,0,0,0,0,0,1,1,0,0,0,0,0,0,0,0,0,0,0,0,0,0,0
0,0,1,1,0,1,1,1,0,3,1,2,1,4,2,1,2,0,1,1,0,0,1,1,0,0,0,0,0,0,2,3,1,0,0
1,1,1,1,1,2,0,1,0,3,1,2,1,4,1,1,1,1,2,2,2,1,1,0,1,1,1,1,1,1,2,6,3,2,1
1,0,1,1,1,2,1,1,0,3,0,2,1,4,0,0,2,0,0,2,1,0,1,1,1,1,1,1,0,1,2,3,0,2,3
1,0,1,1,1,2,1,1,0,3,0,1,0,4,2,1,2,1,2,1,1,0,1,1,0,0,0,2,1,0,2,4,2,2,2
0,0,1,1,1,0,0,0,0,2,1,0,0,4,0,0,2,1,1,1,0,0,1,0,0,0,0,0,1,0,0,1,0,0,0
0,0,1,1,0,1,0,1,0,2,0,2,0,4,2,1,2,1,1,1,0,0,1,0,0,0,0,0,1,0,2,0,2,0,0
1,1,1,0,0,1,1,1,0,3,1,2,1,4,0,1,2,1,1,1,0,0,1,1,1,0,0,1,0,1,1,2,1,2,1
0,0,1,0,0,2,1,1,0,3,0,1,0,4,2,1,1,1,2,1,0,0,1,0,1,0,0,0,1,0,2,1,1,2,0
1,0,1,1,0,0,0,1,0,3,0,0,0,4,2,1,2,1,2,0,0,0,1,1,0,0,0,1,1,0,0,0,1,0,0
0,0,1,1,0,0,0,1,0,1,1,1,0,4,0,0,0,0,1,0,0,0,1,0,0,0,0,0,0,0,0,0,0,0,0
1,0,1,1,0,1,0,1,0,2,0,2,1,4,2,1,0,0,0,2,1,0,1,0,0,1,0,2,1,0,2,0,2,1,0
1,1,1,0,0,1,0,0,0,3,1,0,0,3,0,1,2,1,2,0,0,0,1,0,1,1,0,0,0,0,1,0,1,0,1
1,0,1,0,1,1,0,1,0,2,1,0,0,4,2,0,2,0,1,1,1,0,1,0,0,1,0,2,1,1,2,0,2,0,0
1,1,1,1,1,2,1,1,0,3,1,2,1,4,2,1,2,1,2,2,1,2,1,1,1,1,1,1,1,0,2,4,2,2,2
1,0,1,1,1,0,0,1,0,1,0,0,0,4,0,0,2,0,1,0,0,0,1,0,0,1,0,0,0,0,2,1,1,1,1
1,0,1,1,1,0,0,1,0,2,0,1,1,4,2,1,2,0,2,2,0,0,1,1,0,0,0,2,1,0,2,3,2,2,3
1,0,1,0,1,0,1,1,0,3,1,1,1,4,2,0,2,0,2,2,0,0,1,0,0,1,0,1,1,0,2,3,2,1,0
1,1,1,1,0,1,1,1,0,3,1,2,0,4,0,0,2,0,1,1,1,0,1,0,1,1,1,1,1,0,0,1,0,2,1
0,1,1,0,0,1,0,0,0,2,1,2,1,3,2,0,0,0,2,2,1,0,1,0,1,1,1,2,1,0,2,2,1,0,0
1,0,1,0,0,0,1,1,0,1,0,1,0,1,0,0,0,0,1,1,0,0,0,0,0,0,0,0,0,0,2,0,0,0,0
1,0,1,1,1,1,0,1,0,2,0,1,0,2,0,1,1,1,2,0,1,0,1,0,1,1,1,1,0,0,1,0,1,0,2
1,0,1,1,1,0,0,0,0,3,0,2,1,3,0,0,1,0,0,1,1,0,1,0,0,0,0,0,1,0,0,0,0,0,0
1,1,1,1,1,2,1,1,0,2,1,1,1,4,2,1,2,1,2,2,1,0,1,0,1,1,0,1,1,1,2,0,1,2,1
0,0,1,0,0,0,0,1,0,2,1,2,1,4,2,0,1,1,2,1,1,0,1,0,0,0,1,1,1,0,2,0,1,0,0
1,0,1,1,0,1,0,1,1,1,1,2,0,4,0,0,2,0,1,1,1,0,1,0,1,1,0,2,1,0,2,1,1,2,2
0,0,1,0,0,0,1,1,0,3,0,0,1,2,0,0,1,1,2,1,0,0,1,0,1,0,0,2,1,0,2,0,1,0,0
1,1,1,1,1,2,1,1,0,3,0,2,1,4,2,1,1,0,1,2,0,0,1,0,1,1,0,1,1,0,1,1,2,2,0
1,0,1,1,0,2,1,1,0,3,1,1,1,4,2,1,1,0,2,2,1,0,1,0,1,1,1,2,1,0,2,0,0,2,1
0,0,1,1,0,0,0,0,0,1,0,1,1,4,0,0,2,0,1,1,0,0,1,0,0,0,0,0,0,0,1,0,0,0,0
1,0,1,1,1,0,0,1,0,3,1,2,1,4,2,1,1,1,2,2,1,0,1,0,1,1,1,2,1,0,2,1,2,2,2
1,0,0,1,0,0,0,0,0,2,1,1,0,3,0,1,2,0,0,0,0,0,1,0,0,1,0,2,0,0,2,0,0,0,0
1,1,1,1,0,0,0,1,0,3,1,2,1,4,0,0,1,0,2,1,1,0,1,0,0,0,1,1,1,0,2,1,2,1,1
1,0,1,1,1,2,1,0,0,2,0,2,1,4,2,0,1,1,2,1,0,0,1,0,1,1,0,2,0,0,0,0,3,2,3
1,0,1,1,1,2,1,1,1,2,0,2,0,3,2,1,1,0,2,1,1,0,1,0,0,0,0,0,1,0,2,1,1,2,0
0,0,1,1,0,2,1,0,0,2,1,2,1,4,2,0,2,0,2,1,1,0,1,0,0,0,0,0,1,1,2,4,1,0,1
1,0,1,1,1,1,1,1,0,3,0,2,1,4,2,1,2,0,1,1,2,0,1,1,1,1,0,0,0,0,2,1,1,0,0
1,0,1,0,0,1,1,0,0,2,1,2,0,4,0,1,1,0,1,1,1,0,0,0,0,0,0,0,0,0,0,0,0,2,0
1,1,1,1,1,1,0,1,0,3,1,2,1,4,0,1,2,1,2,2,1,1,1,0,0,0,1,2,1,0,2,0,1,0,1
1,1,1,0,0,1,0,1,0,2,0,2,1,4,0,0,2,1,2,1,1,0,1,0,0,1,1,0,1,0,2,1,2,0,0
1,1,1,1,1,2,1,1,0,3,1,1,1,4,2,1,0,1,2,2,2,1,1,1,0,1,1,0,1,0,2,4,2,2,2
1,1,1,1,1,2,1,1,0,2,1,2,0,4,2,1,0,1,2,2,1,0,1,0,1,1,1,0,0,0,1,0,0,0,0
1,1,1,1,1,2,0,1,0,3,1,2,0,4,2,1,1,0,0,1,1,1,1,1,0,0,0,0,1,1,2,5,0,2,2
1,0,1,0,0,1,0,1,0,2,1,0,1,4,0,1,1,0,2,1,0,0,1,0,0,0,0,0,0,0,0,0,2,0,0
1,1,1,1,1,0,0,0,0,3,1,2,1,4,0,0,1,1,2,2,0,0,1,0,0,1,0,0,1,0,2,1,0,0,0
1,0,1,0,0,0,1,1,0,2,1,2,0,4,1,0,1,0,2,1,0,0,1,0,0,0,0,0,1,0,0,0,2,0,0
1,0,1,0,1,1,0,1,0,0,0,1,1,4,0,0,1,0,0,1,0,0,1,0,1,0,1,0,1,0,0,0,1,1,0
1,0,1,1,0,2,0,1,0,2,0,1,1,4,2,1,2,1,2,2,1,0,1,0,1,0,1,0,1,1,2,2,2,0,2
1,1,1,1,1,2,1,1,0,3,0,2,1,4,2,1,2,0,2,2,1,0,1,0,1,1,1,1,1,0,2,0,1,2,2
0,0,1,1,1,2,1,1,0,3,1,2,1,4,2,1,1,1,2,2,0,0,1,0,1,1,1,2,1,1,2,1,0,0,0
1,1,1,1,1,0,0,1,0,2,0,2,0,4,2,1,0,1,1,1,1,0,1,0,0,0,0,2,1,0,2,0,2,0,0
1,0,1,1,1,0,0,1,0,2,1,0,1,4,2,1,0,1,2,1,2,0,1,0,1,1,1,1,1,0,2,2,2,0,0
1,0,1,1,0,0,0,1,0,2,1,2,0,4,2,1,0,1,1,2,1,0,1,0,1,1,1,1,0,0,2,0,1,0,0
1,1,1,1,0,2,0,1,0,2,1,0,1,4,2,1,2,1,2,0,1,0,1,1,1,1,0,2,1,0,2,1,3,1,2
1,0,1,1,1,1,0,0,0,3,1,2,0,4,2,0,1,0,2,0,2,0,1,0,0,1,1,2,1,0,2,1,2,1,1
0,0,1,0,1,1,0,0,0,0,1,0,0,2,0,0,1,0,1,1,1,0,0,0,0,0,0,0,1,0,0,1,0,2,0
1,1,1,1,1,2,1,1,0,3,1,2,1,4,2,1,1,0,2,1,0,0,1,1,1,1,1,2,1,0,2,2,2,2,2
0,0,1,1,1,2,0,1,1,3,0,2,1,4,0,1,1,1,1,1,0,0,1,0,0,1,1,0,0,0,0,2,0,0,1
1,0,1,1,0,0,0,1,0,2,0,1,0,4,0,1,1,0,1,1,1,0,1,0,1,1,1,0,0,0,2,1,0,1,1
1,0,1,0,1,0,0,1,0,3,0,2,0,4,2,0,1,1,2,1,0,0,1,1,0,0,0,2,1,0,2,0,2,0,2
0,0,1,0,0,0,0,1,0,2,1,2,0,3,0,0,0,1,2,1,0,0,1,0,0,0,0,0,1,0,1,0,2,0,0
1,0,1,1,1,2,0,1,0,3,1,0,0,4,0,1,1,0,1,0,1,0,1,0,1,0,1,2,1,0,0,1,0,0,2
1,0,1,1,1,0,1,1,0,3,1,2,1,4,2,1,1,1,2,2,1,0,1,0,1,1,1,0,1,0,2,2,2,0,1
1,1,1,0,0,0,1,1,0,3,1,2,1,4,0,0,2,1,2,0,1,0,1,0,1,1,0,0,1,0,0,0,0,1,1
1,0,1,0,1,0,0,0,0,0,1,2,0,3,0,0,2,0,2,0,0,0,1,0,0,0,0,2,1,0,0,1,1,1,0
1,0,1,0,0,0,1,1,0,3,1,1,1,4,2,1,2,1,2,2,0,0,1,1,1,1,1,2,0,0,2,1,2,2,2
0,0,1,0,0,0,1,0,0,2,1,1,0,2,2,1,0,0,1,0,0,0,0,0,0,0,0,0,0,0,0,0,0,0,0
0,1,0,0,0,1,0,0,0,1,1,2,0,4,0,1,1,0,1,1,0,0,1,0,0,1,1,1,1,0,2,0,1,0,0
1,1,1,1,1,2,1,1,0,3,0,2,1,4,2,1,2,1,2,2,1,0,1,0,0,1,0,0,0,1,2,1,2,2,0
0,0,0,0,0,0,0,1,0,0,1,2,0,3,0,0,1,0,0,0,0,0,0,0,0,0,0,0,0,0,0,0,0,0,0
0,0,1,0,0,0,0,1,0,2,1,2,1,3,2,1,2,0,2,1,0,0,1,0,0,0,0,2,1,0,2,0,3,2,2
1,0,1,1,1,0,0,1,0,3,1,1,1,4,0,0,2,1,2,2,1,0,1,0,0,1,0,1,1,0,2,0,0,2,0
0,0,1,0,0,0,1,1,0,3,1,2,1,4,2,1,1,1,2,1,0,0,1,0,0,1,1,0,1,1,2,4,2,0,0
1,0,1,0,0,1,1,1,0,3,1,2,1,4,2,1,2,1,2,0,0,0,1,0,0,0,1,0,1,1,0,2,2,2,0
1,0,1,0,1,2,1,1,0,3,1,2,1,4,2,1,2,1,2,2,2,0,1,1,1,1,1,2,1,1,2,2,2,2,0
1,0,1,0,0,0,1,1,0,2,1,1,0,3,1,1,2,1,2,1,0,0,1,0,1,1,0,1,1,0,2,1,2,0,1
1,0,1,0,0,2,0,1,0,3,1,2,0,4,2,1,2,0,2,1,1,0,1,0,0,0,0,0,1,0,0,0,2,0,0
1,0,1,0,0,2,1,1,0,3,0,2,1,4,2,1,2,0,0,1,1,0,1,1,1,1,1,2,1,1,0,1,2,2,1
1,0,1,0,0,2,0,1,0,2,1,1,0,4,0,1,2,1,2,1,1,0,1,0,1,1,1,1,1,0,1,3,0,2,1
1,0,1,1,1,0,0,1,0,2,0,2,0,3,0,0,2,1,2,1,1,0,0,0,1,1,0,1,0,0,1,2,1,2,1
0,0,1,1,0,0,1,1,1,2,1,0,1,4,2,1,0,0,1,2,0,0,1,1,0,0,1,1,0,0,2,1,2,0,0
1,0,1,1,1,2,0,0,0,3,1,1,0,4,0,0,0,1,2,0,0,0,1,0,1,1,0,2,1,0,2,0,0,0,1
1,0,0,0,0,0,1,1,0,0,1,2,0,3,0,0,0,0,0,0,0,0,1,0,0,0,0,0,0,0,0,0,0,0,0
1,0,1,1,1,0,0,1,0,2,0,2,1,4,2,0,1,1,2,1,1,0,1,0,0,0,1,0,1,0,1,0,3,1,2
1,0,1,1,0,2,1,1,0,2,1,2,0,4,0,1,2,0,1,0,1,0,1,0,1,0,1,0,0,1,0,3,2,2,1
1,0,1,1,1,1,0,0,0,1,0,0,1,3,0,0,2,1,2,2,1,0,1,0,1,0,0,1,1,0,2,4,2,2,2
0,0,1,1,1,0,0,0,0,0,0,0,0,4,2,1,2,0,1,2,0,0,1,0,0,0,1,0,1,0,1,0,1,0,0
1,0,1,1,1,2,1,1,0,3,1,2,1,3,2,1,2,1,2,1,1,0,1,0,0,0,1,0,1,0,2,2,2,0,1
1,1,1,1,0,0,0,1,0,3,1,2,0,3,0,0,1,1,1,2,0,0,1,0,0,0,0,0,1,0,0,0,2,0,1
1,0,1,1,1,2,1,1,0,3,1,2,1,4,2,1,1,0,2,2,0,0,1,0,0,0,0,2,1,0,2,2,3,1,1
1,0,1,1,1,1,0,0,0,3,1,2,1,4,2,1,2,1,2,1,0,0,1,0,0,0,0,0,1,0,2,0,2,1,1
0,1,1,1,0,1,0,1,0,2,1,0,1,4,0,1,1,0,1,1,0,0,1,0,0,1,1,2,1,0,0,0,2,0,0
1,1,1,1,1,1,1,1,0,3,1,2,1,4,2,1,2,1,2,2,1,1,1,0,1,1,0,1,1,0,2,4,2,2,3
1,0,1,1,1,1,0,1,0,3,0,2,0,4,0,1,2,0,2,1,1,0,1,0,1,1,0,2,1,0,2,0,0,1,1
1,0,1,0,1,0,0,1,0,2,0,2,0,2,0,0,0,0,0,1,1,0,1,0,0,1,0,0,1,0,1,0,1,1,1
1,0,1,1,1,2,0,1,1,3,1,2,1,4,2,1,2,1,1,1,1,0,1,0,1,1,1,1,1,1,2,4,0,2,1
1,1,1,0,1,2,1,1,0,2,1,2,1,4,2,1,2,0,2,2,1,0,1,0,1,1,1,2,1,0,0,1,1,0,2
1,1,1,1,1,1,1,1,0,3,1,0,1,3,2,1,1,1,1,2,0,0,1,0,1,1,0,0,1,0,1,2,0,2,1
1,0,1,1,1,2,0,1,0,3,1,2,0,4,0,0,0,0,2,1,0,0,1,0,1,0,1,0,1,0,2,1,2,0,1
1,0,1,1,1,2,1,1,0,3,1,1,1,4,0,0,0,0,0,2,1,0,1,0,1,0,0,2,1,1,1,2,0,0,1
1,1,1,1,1,0,0,1,0,2,1,2,1,4,1,1,2,0,1,2,2,1,1,0,0,0,1,2,1,0,2,1,0,1,2
1,0,1,0,0,2,1,1,0,3,1,1,1,4,2,1,2,0,2,2,1,0,1,1,0,1,1,2,1,0,2,0,2,2,3
1,0,1,0,0,2,1,1,0,3,0,2,1,4,2,0,2,0,2,1,1,0,1,0,1,1,1,2,0,1,2,2,1,2,2
0,0,1,1,0,0,1,0,0,1,0,2,0,4,0,0,2,0,1,1,0,0,1,0,0,0,0,2,1,0,2,1,0,0,0
1,1,1,1,1,0,0,1,0,3,1,1,1,4,2,1,2,1,2,1,1,0,1,0,0,0,0,1,1,1,2,1,2,2,1
0,1,0,0,1,0,0,1,0,2,0,2,0,3,0,0,0,0,1,1,0,0,1,0,0,0,0,0,1,0,0,0,0,0,0
0,0,1,0,0,1,1,1,0,3,1,2,1,4,0,0,0,0,1,1,0,0,1,1,1,0,1,0,0,0,0,0,0,0,0
1,0,0,0,1,0,1,1,0,2,1,1,1,4,0,0,1,1,2,1,1,0,1,1,1,0,1,0,1,0,2,1,0,0,0
1,0,1,1,1,1,1,0,0,2,0,2,0,4,2,0,2,0,2,1,0,0,1,0,0,0,0,0,1,0,2,1,2,0,1
1,1,1,1,0,2,1,1,0,3,1,2,1,4,2,1,2,0,2,1,1,0,1,0,0,0,0,0,1,0,2,1,2,0,1
1,0,1,1,1,2,1,1,1,3,1,1,1,4,2,1,2,0,1,2,1,0,1,1,1,0,1,1,1,1,2,4,2,2,1
1,0,1,1,1,0,0,1,0,3,0,0,1,4,2,1,2,1,2,2,0,0,1,0,1,1,1,1,1,0,2,1,2,2,0
0,0,0,0,0,0,1,1,0,3,0,1,1,4,0,1,2,1,2,2,0,0,1,0,1,1,1,2,1,0,2,1,1,1,1
1,0,1,1,0,2,1,1,0,0,0,2,1,2,2,1,2,1,2,1,0,0,1,0,1,0,1,1,0,0,0,1,0,0,1
1,1,1,1,1,2,0,1,0,2,0,2,1,4,2,1,2,0,2,2,1,0,1,0,1,1,1,2,1,0,1,3,2,2,0
0,0,1,1,1,0,0,1,0,2,1,2,0,4,0,0,1,0,2,2,0,0,1,0,0,0,0,0,1,0,1,2,0,0,0
0,0,0,0,0,1,0,1,0,1,1,1,0,4,2,1,0,0,0,0,0,0,1,0,0,0,0,2,0,1,0,0,0,0,0
1,0,1,0,1,1,1,1,0,2,1,0,0,4,0,1,1,1,2,1,1,0,1,1,1,1,1,1,0,1,2,3,2,2,0
1,1,1,1,0,2,1,1,0,2,0,1,0,4,2,1,2,1,2,1,1,0,1,0,1,0,0,1,1,0,2,2,2,2,0
1,0,1,1,1,2,1,1,0,3,0,1,0,3,2,1,1,1,2,1,1,0,1,0,0,0,0,2,1,1,2,4,1,0,2
0,1,1,0,0,1,1,1,0,2,1,2,1,4,2,1,1,0,1,1,1,0,1,0,0,1,0,2,1,0,2,0,0,0,0
1,0,1,0,0,0,1,1,0,2,1,2,1,4,2,1,2,0,1,2,1,0,1,0,1,0,1,0,1,0,2,2,2,0,2
1,0,1,0,0,2,0,1,1,3,1,2,1,4,0,1,2,1,2,1,1,0,1,1,0,1,1,1,0,0,2,0,2,2,1
1,0,1,1,1,0,0,0,0,1,1,2,0,4,0,0,1,0,0,1,0,0,0,0,0,0,0,1,0,0,0,0,0,0,0
0,1,1,1,1,1,1,1,0,2,1,2,0,4,2,1,1,1,2,1,1,0,1,1,0,0,0,0,1,1,2,1,2,0,0
0,0,1,1,1,2,1,1,0,2,1,2,0,3,0,1,2,0,2,1,1,0,1,0,1,0,1,0,1,0,0,0,1,1,1
1,1,1,0,0,2,1,1,0,3,1,2,1,4,2,1,2,1,2,0,1,0,0,0,0,1,0,2,1,0,2,1,2,2,0
1,0,1,1,0,2,1,1,0,3,1,2,1,4,2,1,2,0,1,2,1,0,1,0,1,1,1,1,0,0,2,0,1,0,0
1,1,1,1,1,1,0,0,0,3,1,0,1,4,0,0,2,0,1,0,0,0,1,0,1,1,0,0,1,0,2,1,1,0,0
0,0,1,0,0,0,0,0,0,0,1,2,0,0,0,0,0,0,0,0,0,0,0,0,0,0,0,0,0,0,0,0,0,0,0
1,0,1,1,1,1,0,0,0,2,1,1,0,3,2,1,1,1,2,2,1,0,1,0,0,1,1,0,1,0,2,0,0,0,0
1,0,1,0,0,2,1,1,1,3,1,2,1,4,2,1,2,1,2,2,1,0,1,1,1,1,1,2,1,1,1,4,3,2,1
1,0,1,1,1,2,1,0,0,3,1,1,0,3,0,0,1,0,2,1,0,0,1,0,1,1,1,1,1,0,2,2,3,1,2
1,0,1,1,1,0,0,1,0,2,1,2,1,4,0,1,2,0,1,1,1,0,1,0,1,1,0,0,1,0,2,0,1,2,1
0,0,0,0,0,0,0,1,0,2,1,0,0,3,0,0,1,0,0,0,0,0,1,0,0,0,0,0,0,0,0,0,0,0,0
1,1,1,1,0,0,0,0,0,3,1,0,0,3,0,0,2,0,2,1,0,0,1,0,0,0,1,2,1,0,2,1,0,0,0
1,1,1,0,0,1,1,1,0,1,0,2,1,4,0,1,2,1,2,2,0,0,1,1,1,1,1,2,1,0,2,1,2,2,1
0,0,1,0,1,0,0,0,0,0,1,2,0,3,0,0,0,0,0,1,0,0,1,0,0,0,0,0,1,0,1,0,0,0,0
1,1,1,1,1,2,1,1,0,2,0,1,1,4,0,1,2,1,1,0,1,0,1,0,0,0,1,1,1,0,0,1,0,0,2
1,0,0,0,1,0,0,0,0,2,1,1,1,4,2,1,0,0,2,2,1,0,1,0,1,1,1,2,1,0,0,0,3,0,0
1,0,1,1,1,0,1,1,0,1,1,2,0,3,0,0,2,0,2,1,1,0,1,0,0,1,0,2,1,0,0,0,0,0,0
0,0,1,1,1,0,1,1,0,2,0,2,0,4,0,0,2,1,2,2,1,1,1,0,0,0,0,0,1,0,2,1,1,0,0
1,1,1,1,1,0,0,1,0,2,0,2,1,4,1,1,2,0,2,2,2,1,1,1,1,1,1,1,1,0,1,4,3,2,3
1,0,1,0,0,2,0,1,0,2,0,0,1,4,2,0,1,0,0,1,1,0,1,1,0,0,0,1,1,1,2,0,0,0,2
1,0,1,0,0,0,0,1,0,3,1,2,1,4,0,0,2,0,0,1,1,0,1,1,1,0,0,1,1,1,2,3,2,0,0
1,1,1,1,0,0,0,1,0,3,1,2,1,3,2,1,2,0,2,1,2,0,1,0,0,0,0,0,1,0,0,1,2,0,0
1,0,1,1,1,1,1,1,0,3,1,2,1,4,2,1,2,1,2,1,2,0,1,0,1,1,1,0,1,0,2,4,2,2,2
0,0,1,1,1,0,0,1,0,2,0,2,0,4,0,0,0,0,2,1,1,0,1,0,0,0,0,0,1,0,2,0,1,0,0
1,0,1,1,1,0,0,0,0,2,1,2,0,2,0,0,2,0,1,2,0,0,1,0,0,0,1,0,0,0,0,0,0,1,0
1,1,1,1,1,0,0,1,0,2,0,1,1,2,0,0,2,0,1,1,1,0,1,0,0,1,0,0,1,0,2,1,0,0,0
1,0,1,1,1,0,1,1,0,1,0,1,1,4,2,0,2,0,1,1,1,0,1,0,1,0,1,2,0,0,2,1,1,2,2
1,0,1,1,1,0,0,1,0,3,0,1,1,4,0,1,0,0,0,2,1,0,1,1,1,0,0,2,1,0,2,0,1,2,2
1,1,1,1,1,0,0,0,0,2,0,2,0,4,2,1,1,0,1,2,1,0,1,0,0,1,0,1,1,0,2,0,1,0,0
0,0,1,1,1,2,1,1,0,2,0,1,0,4,2,1,2,0,0,2,1,0,1,0,0,0,0,2,1,0,2,1,1,2,0
1,0,1,1,1,2,1,1,0,3,1,2,0,4,0,1,1,1,2,1,0,0,1,0,1,0,1,1,0,0,2,3,2,0,1
1,0,1,0,0,0,0,1,0,2,1,2,1,4,0,1,1,1,2,1,1,0,1,0,0,0,0,1,1,0,1,0,0,0,1
1,1,1,1,1,0,0,0,0,0,0,0,0,4,2,1,2,0,1,1,1,0,1,0,0,1,1,0,1,0,2,3,1,1,2
1,0,1,0,0,0,1,0,0,2,1,2,0,3,2,1,1,0,1,1,1,0,1,0,0,0,1,1,1,0,2,1,2,0,1
1,0,1,0,1,1,1,1,0,2,0,2,1,4,2,1,1,0,1,1,1,0,1,0,1,1,0,2,0,0,2,0,0,2,2
1,1,1,1,1,2,0,1,0,2,1,2,1,4,2,1,2,1,2,2,1,0,1,0,1,1,0,1,1,0,2,3,2,0,0
1,1,1,1,1,1,1,1,0,3,1,1,0,3,2,1,2,0,1,1,1,0,1,1,1,1,1,0,1,0,2,3,2,2,1
0,1,1,0,0,0,0,0,0,2,0,0,1,4,0,1,2,1,2,2,0,0,1,0,0,0,1,0,1,0,2,0,2,0,0
1,0,1,1,0,2,0,1,0,2,1,2,0,3,0,0,2,1,2,2,1,0,1,0,0,1,0,0,1,0,0,0,2,0,0
0,0,1,1,1,0,1,1,0,2,0,0,0,4,2,1,2,0,0,1,0,0,1,0,0,0,1,2,1,1,2,0,1,0,0
1,1,1,0,0,0,0,1,0,3,1,2,1,4,0,1,2,0,0,0,0,0,1,0,0,1,0,0,1,0,2,2,2,2,0
1,0,1,1,1,1,1,1,0,2,1,1,0,4,2,1,2,1,2,1,1,0,1,1,1,0,1,2,1,1,2,3,2,1,0
1,1,1,1,1,2,1,1,0,3,1,2,1,4,2,1,1,1,2,1,1,0,1,1,0,1,1,2,0,0,2,0,2,2,2
1,0,1,1,1,0,1,0,0,2,1,2,1,4,0,1,2,0,0,1,1,0,1,0,0,0,1,1,1,0,2,1,1,2,0
1,0,1,1,1,0,0,0,0,2,1,2,0,3,0,0,1,1,2,2,1,0,1,0,1,1,0,1,0,0,0,1,2,2,1
1,0,1,1,1,0,0,1,0,3,0,2,1,4,2,1,2,0,2,1,1,0,1,0,0,0,1,2,1,0,1,1,2,2,1
1,0,1,1,1,2,1,1,0,2,1,1,1,4,2,0,2,0,1,1,1,0,1,0,0,0,0,0,1,0,1,0,0,1,0
1,0,0,0,0,0,0,0,0,2,1,2,0,3,0,0,1,0,1,1,1,0,1,0,0,1,0,1,0,0,0,0,0,0,0
1,0,1,0,1,1,0,1,0,3,1,2,1,4,2,0,2,1,2,1,0,0,1,1,1,0,0,0,1,0,2,0,1,2,2
0,0,0,0,0,0,0,0,0,0,1,1,0,2,0,0,0,0,2,1,1,0,1,0,0,0,0,1,1,0,1,0,1,0,0
0,0,1,1,1,0,0,1,0,2,1,2,1,4,1,1,1,1,2,1,0,0,1,0,1,0,0,0,1,0,0,1,2,1,0
0,0,1,1,1,2,1,1,0,3,1,2,1,4,2,1,2,1,2,2,1,0,1,1,0,1,0,2,1,0,2,1,3,1,2
1,0,1,1,1,0,0,1,0,3,1,2,1,4,2,1,1,1,2,1,1,0,1,0,0,1,1,0,1,0,2,0,1,0,0
1,0,1,1,1,0,0,1,0,0,0,2,1,3,2,1,1,1,1,1,1,0,1,0,0,0,0,0,0,0,0,0,0,0,0
1,1,1,1,0,2,0,1,0,3,0,2,1,4,2,1,2,0,1,1,0,0,1,0,1,1,1,2,1,0,0,2,3,0,0
1,0,1,1,0,0,0,1,0,3,1,2,1,4,0,1,2,1,2,1,1,0,1,0,1,1,1,0,1,0,0,0,2,0,1
1,0,1,1,1,1,0,1,0,3,0,2,1,4,0,0,2,0,0,1,1,0,1,0,1,0,0,0,1,0,2,0,1,0,0
1,0,1,1,1,0,1,1,0,3,1,2,0,4,0,0,1,0,2,0,1,0,1,0,1,1,0,0,0,0,2,1,2,1,1
1,0,1,1,0,1,0,1,0,2,1,1,1,4,2,1,1,1,2,0,1,0,1,0,1,1,0,2,0,0,2,0,2,0,0
1,0,1,0,0,1,0,0,0,2,1,0,1,4,0,0,1,0,1,2,0,0,1,0,0,1,0,0,1,0,0,2,2,1,1
1,0,1,0,1,1,0,1,0,2,1,2,1,3,2,1,1,1,1,1,0,0,1,0,0,1,1,1,1,0,2,0,0,1,2
1,1,1,1,0,0,0,1,0,3,0,2,1,4,0,1,2,1,0,1,1,0,1,0,1,0,1,0,1,1,2,1,2,1,1
1,0,1,0,0,0,0,1,0,2,0,1,1,4,0,1,0,1,2,2,0,0,1,0,1,0,1,2,1,0,2,0,3,2,1
1,0,1,1,1,2,1,1,0,1,1,2,1,3,2,1,2,0,2,0,1,0,1,0,0,1,1,1,1,0,2,3,1,0,1
1,1,1,1,1,2,1,1,0,2,0,1,1,4,2,1,1,1,2,2,2,1,1,0,1,1,1,1,1,0,2,0,0,2,1
1,0,1,0,0,1,0,1,0,3,1,2,0,4,2,1,2,0,2,1,1,0,1,0,0,0,0,2,1,0,1,1,1,2,0
0,0,1,0,0,0,0,1,0,2,1,2,0,2,0,1,1,0,1,2,0,0,1,0,0,0,0,1,1,0,2,2,2,0,0
0,0,1,0,0,0,0,0,0,0,1,2,0,4,0,0,1,0,0,0,0,0,0,0,0,0,0,0,0,0,0,1,0,0,0
1,0,1,0,0,2,1,1,0,3,1,2,0,4,0,0,2,0,2,1,1,0,1,0,1,1,0,0,0,1,2,4,3,1,2
1,0,1,1,0,0,0,0,0,2,1,1,0,3,0,0,1,0,0,1,0,0,1,0,0,0,0,2,1,1,2,0,1,2,1
1,1,1,1,1,1,1,1,0,2,1,2,1,4,2,1,2,0,2,2,1,0,1,1,1,1,1,2,1,1,2,1,0,2,2
1,1,1,1,1,2,1,1,0,2,1,1,1,4,0,0,1,1,1,1,1,0,1,0,1,1,1,0,1,0,0,3,2,0,0
1,1,1,0,1,0,0,0,0,0,1,1,1,4,0,1,2,1,2,1,1,0,1,0,0,0,0,0,1,0,2,1,3,0,0
1,1,1,1,1,1,1,1,0,2,0,1,1,4,0,1,0,1,2,1,1,0,1,0,1,0,1,1,1,1,0,2,0,0,1
1,0,1,1,1,2,0,1,0,3,1,2,1,4,2,1,1,0,2,2,0,0,1,0,1,0,1,1,1,1,2,2,1,0,2
1,0,1,1,1,2,1,0,0,3,1,0,1,4,2,1,2,1,2,2,2,0,1,0,0,0,1,1,1,0,0,4,0,2,2
1,0,1,1,1,1,0,1,0,3,1,2,1,4,2,1,2,1,2,2,2,0,1,1,1,1,1,2,1,0,2,3,3,2,3
1,0,1,1,1,0,0,0,0,0,1,1,1,3,2,0,0,0,0,0,0,0,1,0,0,0,0,0,0,0,0,0,0,0,0
1,1,1,1,1,1,1,1,0,2,1,1,1,4,2,1,2,0,1,1,1,0,1,0,1,1,1,2,1,0,2,1,2,2,1
1,1,1,1,1,0,1,1,0,2,1,2,1,4,2,1,2,1,2,1,1,0,1,1,1,0,1,1,1,0,2,1,2,2,1
1,0,1,1,0,1,1,1,0,3,0,2,1,4,2,1,2,1,2,2,2,0,1,0,1,0,1,2,1,0,2,5,3,2,3
1,0,1,1,1,0,1,1,0,3,0,2,0,4,2,1,1,1,2,1,1,0,1,0,1,1,0,0,0,0,0,1,2,0,2
1,0,1,1,1,2,0,1,1,3,0,2,1,4,0,1,2,1,2,0,1,0,1,0,1,0,0,2,1,0,2,2,2,2,2
1,1,1,1,0,2,0,1,0,3,1,2,1,3,2,1,1,0,2,1,1,0,1,1,0,1,0,2,1,0,2,3,2,2,1
1,1,1,1,1,1,1,0,0,2,1,1,1,4,0,1,2,1,2,1,1,0,1,0,1,0,1,1,0,0,0,0,0,0,1
0,0,1,1,0,0,1,1,0,2,0,2,0,4,0,0,2,0,0,1,1,0,1,0,1,0,0,0,0,0,2,2,0,0,0
1,0,1,1,1,1,0,1,0,3,1,0,1,4,0,0,1,0,2,1,1,0,1,0,0,0,0,0,1,0,2,0,0,0,1
0,0,1,1,1,0,1,1,1,3,0,1,1,4,2,1,1,1,0,1,1,0,1,1,1,0,1,2,1,0,2,1,1,2,2
1,0,1,1,1,1,1,1,0,3,1,1,0,4,2,0,2,1,2,2,1,0,1,1,1,1,1,1,1,0,2,0,2,2,2
1,1,1,1,0,0,1,1,0,3,1,2,1,4,0,0,2,1,2,0,0,0,1,0,1,0,0,0,1,0,2,1,2,0,1
0,0,0,0,0,0,0,0,0,2,0,0,0,1,0,0,1,0,0,1,0,0,1,0,0,0,0,0,0,0,0,0,0,0,0
1,0,1,1,1,2,1,1,0,3,1,2,0,4,2,1,2,1,2,2,1,0,1,0,1,0,1,1,1,1,0,2,3,1,1
1,0,1,0,0,2,1,1,0,3,0,1,1,4,0,1,2,0,1,2,1,0,1,0,1,1,1,0,1,1,2,4,2,0,2
1,1,0,0,0,2,1,1,0,3,1,2,0,4,0,0,0,0,1,1,0,0,1,0,1,0,1,0,0,0,0,0,1,2,1
1,0,1,0,0,0,0,0,0,3,1,2,1,4,0,1,2,1,2,2,1,0,1,0,0,1,0,1,1,0,2,2,3,0,0
1,1,0,0,1,0,1,1,0,2,1,2,0,3,0,0,1,1,2,1,1,0,1,0,0,1,0,0,0,0,2,0,3,2,0
1,0,1,1,1,1,1,1,0,3,0,1,1,3,2,1,2,1,2,1,1,0,1,0,1,1,0,2,1,1,0,4,3,2,1
1,0,1,0,0,2,1,1,0,2,0,1,0,4,2,0,1,1,2,2,1,0,1,1,1,1,1,1,1,0,2,4,2,2,0
1,1,1,1,0,0,0,0,0,0,1,0,0,1,0,1,0,0,0,1,0,0,1,0,0,0,0,0,1,0,0,0,0,0,0
1,1,1,1,1,1,0,1,0,3,0,2,1,4,2,0,2,0,2,0,0,0,1,0,0,0,1,0,1,0,2,3,0,1,1
1,0,1,0,1,2,1,1,0,3,1,2,1,4,2,1,1,1,2,1,2,0,1,0,1,1,1,2,1,1,0,5,3,2,2
1,0,1,0,0,2,0,0,0,2,1,2,0,2,0,0,1,1,2,0,1,0,1,0,0,0,0,0,0,0,0,0,0,0,0
1,0,1,0,0,1,0,1,0,3,1,2,1,4,2,1,0,1,2,2,2,0,1,1,1,1,1,2,1,1,2,0,1,0,1
1,0,1,0,0,2,0,1,0,3,0,2,1,4,0,1,0,1,2,0,1,0,1,1,0,1,1,0,0,0,0,2,1,2,3
1,0,1,1,1,2,0,1,0,2,1,2,0,3,2,0,2,1,2,2,1,0,1,0,0,0,0,1,1,0,2,0,2,0,0
1,0,1,1,0,0,0,0,0,2,0,2,1,3,0,1,2,0,1,1,0,0,1,0,0,0,0,1,0,0,0,0,0,0,0
0,0,1,1,0,0,0,1,0,3,0,2,1,4,1,1,2,0,2,2,0,0,1,0,0,1,0,1,1,0,0,3,1,0,0
1,0,1,1,1,2,0,1,0,3,1,2,1,4,2,1,2,0,2,2,0,0,1,0,1,0,0,2,1,0,2,0,0,0,2
0,0,1,0,0,2,0,1,0,2,1,1,1,4,0,1,2,0,2,1,0,0,1,0,1,1,0,0,1,0,2,1,2,0,2
1,0,1,1,1,1,0,0,0,2,1,2,1,4,2,1,1,1,2,2,1,0,1,0,0,0,0,1,1,0,1,0,1,2,2
0,0,1,0,0,0,0,0,0,1,0,0,1,4,0,1,2,1,2,0,0,0,1,0,1,0,0,0,1,0,2,1,0,2,0
0,0,1,1,1,1,1,1,0,2,0,2,0,4,2,1,1,1,1,2,1,0,1,0,0,1,1,0,0,0,2,1,0,2,2
1,1,0,0,1,2,0,1,1,3,1,1,0,4,2,1,2,1,2,2,1,0,1,0,1,1,1,2,1,1,2,0,2,1,2
1,0,1,0,0,2,1,1,1,3,1,2,0,4,0,1,2,1,2,1,1,0,1,1,1,0,1,0,1,0,2,1,1,2,0
0,0,1,1,0,0,0,1,0,2,0,2,1,4,0,0,2,0,0,1,1,0,1,0,1,0,0,1,1,0,2,0,0,0,1
1,1,1,1,0,0,0,1,0,2,0,0,0,4,0,0,0,0,2,2,0,0,1,1,0,1,1,2,1,0,0,1,3,0,1
0,0,1,0,1,0,0,0,0,1,1,1,1,4,0,1,2,0,1,1,1,0,1,1,1,0,1,1,0,0,2,3,1,2,1
1,0,1,1,1,2,1,1,0,3,0,0,0,4,2,1,1,1,2,0,1,0,1,0,0,0,0,0,1,0,2,1,0,0,1
1,0,1,1,0,2,0,1,0,2,1,1,1,4,0,0,2,0,2,1,1,0,1,0,0,1,1,1,1,1,0,1,1,2,3
1,0,1,1,1,0,0,1,0,0,0,0,1,3,0,0,1,1,1,1,0,0,1,0,0,0,0,1,0,0,0,0,0,0,0
1,0,1,1,1,1,0,0,0,3,1,2,1,4,0,1,2,1,1,0,0,0,1,0,0,1,0,1,1,0,0,0,1,0,2
1,0,1,1,1,1,0,1,0,2,0,2,0,4,0,0,2,0,2,1,1,0,1,1,0,0,0,2,1,0,2,3,2,0,0
1,0,1,1,1,1,1,1,0,3,1,2,1,4,2,1,2,1,2,2,2,1,1,0,1,0,0,0,1,0,2,2,1,2,2
1,1,1,1,1,1,1,1,0,3,1,2,1,4,0,1,2,0,0,2,2,0,1,0,1,1,1,0,0,1,1,4,2,0,2
1,0,1,0,0,2,1,1,1,2,0,1,1,4,0,1,2,0,2,0,1,0,1,0,0,1,0,0,1,0,2,1,3,0,0
1,0,1,1,1,1,1,1,0,3,1,1,1,4,2,1,1,1,2,2,2,0,1,0,1,1,0,0,1,1,2,2,1,2,1
1,0,1,0,0,1,1,1,0,2,0,2,1,4,2,1,2,1,2,1,1,1,1,1,0,0,1,0,1,0,2,5,2,2,2
1,0,1,1,1,2,1,1,0,2,0,2,1,4,2,1,1,1,2,2,1,0,1,0,1,1,1,1,1,0,2,1,2,2,1
1,0,1,1,1,2,1,0,0,2,1,2,1,4,2,1,1,1,2,2,1,0,1,1,0,0,1,2,0,0,2,0,1,0,1
1,1,1,0,0,2,0,1,0,3,1,1,0,4,2,1,2,0,1,1,1,0,1,0,1,1,1,1,1,0,0,0,3,0,2
1,1,1,1,0,2,1,1,0,2,0,1,1,4,2,1,0,1,1,1,1,0,1,0,0,1,0,1,1,1,2,2,2,1,1
0,0,1,1,1,1,0,0,0,2,1,1,0,1,0,0,1,0,0,1,1,0,1,0,0,0,0,0,0,0,0,0,0,0,0
1,0,1,1,1,1,0,1,0,3,0,2,1,4,2,0,2,1,2,1,2,0,1,0,1,0,0,2,1,0,2,1,1,1,2
0,0,1,1,1,0,0,1,0,2,1,1,1,2,0,0,2,0,0,1,0,0,1,0,0,0,0,0,0,0,2,0,0,0,0
1,0,1,1,1,2,0,1,0,2,0,2,1,4,2,1,2,1,2,1,0,0,1,1,0,0,0,2,0,1,2,0,2,2,0
0,0,1,1,1,0,0,0,0,2,1,2,1,3,0,0,1,0,1,2,1,0,1,0,0,0,0,1,1,1,0,0,0,0,0
1,1,1,1,1,2,1,1,0,3,1,2,1,4,2,1,2,1,2,2,1,0,1,0,1,1,0,2,1,0,2,1,2,2,2
0,1,1,0,0,0,0,0,0,2,1,2,1,2,1,1,1,1,1,2,0,0,1,0,0,1,0,1,1,0,2,0,0,0,0
0,0,1,0,0,2,0,1,0,1,0,0,0,4,2,1,1,0,1,0,1,0,1,0,0,0,0,0,0,0,2,0,0,0,1
0,0,1,0,0,1,1,1,0,3,1,2,1,4,0,0,0,1,2,1,1,0,1,1,0,0,0,1,1,0,2,2,2,0,1
